{
"lengthUnit": "mil",
"remark": [],
"components": {
	"fields": ["COMPONENT_NO", "COMPONENT_NAME", "LAYER", "X_COORDINATE", "Y_COORDINATE", "ANGLE"],
	"rows": [
		[1, "BUZ", "T", 330, -1345, 0],
		[2, "C1", "T", 440, -465, 0],
		[3, "C2", "T", 2135, -2295, 0],
		[4, "C3", "T", 475, -895, 0],
		[5, "C4", "T", 2815, -3605, 0],
		[6, "JST_2", "T", 870, -3580, 0],
		[7, "LED_RGB", "T", 2780, -300, 0],
		[8, "LS7183N-S", "T", 2355, -2360, 0],
		[9, "R1", "T", 2845, -520, 0],
		[10, "R3", "T", 2775, -695, 0],
		[11, "R4", "T", 2665, -2950, 0],
		[12, "R5", "T", 780, -3335, 0],
		[13, "R7", "T", 2680, -900, 0],
		[14, "S3", "T", 1835, -3795, 180],
		[15, "SW1", "T", 2905, -3225, 90],
		[16, "U1", "T", 460, -2510, 0],
		[17, "U2", "T", 355, -3560, 0],
		[18, "U3", "T", 2370, -2695, 0],
		[19, "U4", "T", 2325, -3585, 0],
		[20, "U5", "T", 730, -705, 270],
		[21, "PAD1", "T", 479.37, -465, 0],
		[22, "PAD2", "T", 400.63, -465, 0],
		[23, "PAD3", "T", 2642.24, -520, 0],
		[24, "PAD3", "B", 2642.24, -520, 0],
		[25, "PAD4", "T", 3047.76, -520, 0],
		[26, "PAD4", "B", 3047.76, -520, 0],
		[27, "PAD5", "T", 2572.24, -695, 0],
		[28, "PAD5", "B", 2572.24, -695, 0],
		[29, "PAD6", "T", 2977.76, -695, 0],
		[30, "PAD6", "B", 2977.76, -695, 0],
		[31, "PAD7", "T", 2477.24, -900, 0],
		[32, "PAD7", "B", 2477.24, -900, 0],
		[33, "PAD8", "T", 2882.76, -900, 0],
		[34, "PAD8", "B", 2882.76, -900, 0],
		[35, "PAD9", "T", 809.66, -3335, 0],
		[36, "PAD10", "T", 750.34, -3335, 0],
		[37, "PAD11", "T", 210, -2510, 0],
		[38, "PAD11", "B", 210, -2510, 0],
		[39, "PAD12", "T", 310, -2510, 0],
		[40, "PAD12", "B", 310, -2510, 0],
		[41, "PAD13", "T", 410, -2510, 0],
		[42, "PAD13", "B", 410, -2510, 0],
		[43, "PAD14", "T", 510, -2510, 0],
		[44, "PAD14", "B", 510, -2510, 0],
		[45, "PAD15", "T", 610, -2510, 0],
		[46, "PAD15", "B", 610, -2510, 0],
		[47, "PAD16", "T", 710, -2510, 0],
		[48, "PAD16", "B", 710, -2510, 0],
		[49, "PAD17", "T", 105, -3560, 0],
		[50, "PAD17", "B", 105, -3560, 0],
		[51, "PAD18", "T", 205, -3560, 0],
		[52, "PAD18", "B", 205, -3560, 0],
		[53, "PAD19", "T", 305, -3560, 0],
		[54, "PAD19", "B", 305, -3560, 0],
		[55, "PAD20", "T", 405, -3560, 0],
		[56, "PAD20", "B", 405, -3560, 0],
		[57, "PAD21", "T", 505, -3560, 0],
		[58, "PAD21", "B", 505, -3560, 0],
		[59, "PAD22", "T", 605, -3560, 0],
		[60, "PAD22", "B", 605, -3560, 0],
		[61, "PAD23", "T", 2120, -2695, 0],
		[62, "PAD23", "B", 2120, -2695, 0],
		[63, "PAD24", "T", 2220, -2695, 0],
		[64, "PAD24", "B", 2220, -2695, 0],
		[65, "PAD25", "T", 2320, -2695, 0],
		[66, "PAD25", "B", 2320, -2695, 0],
		[67, "PAD26", "T", 2420, -2695, 0],
		[68, "PAD26", "B", 2420, -2695, 0],
		[69, "PAD27", "T", 2520, -2695, 0],
		[70, "PAD27", "B", 2520, -2695, 0],
		[71, "PAD28", "T", 2620, -2695, 0],
		[72, "PAD28", "B", 2620, -2695, 0],
		[73, "PAD29", "T", 2075, -3585, 0],
		[74, "PAD29", "B", 2075, -3585, 0],
		[75, "PAD30", "T", 2175, -3585, 0],
		[76, "PAD30", "B", 2175, -3585, 0],
		[77, "PAD31", "T", 2275, -3585, 0],
		[78, "PAD31", "B", 2275, -3585, 0],
		[79, "PAD32", "T", 2375, -3585, 0],
		[80, "PAD32", "B", 2375, -3585, 0],
		[81, "PAD33", "T", 2475, -3585, 0],
		[82, "PAD33", "B", 2475, -3585, 0],
		[83, "PAD34", "T", 2575, -3585, 0],
		[84, "PAD34", "B", 2575, -3585, 0],
		[85, "PAD35", "T", 909.37, -3580, 0],
		[86, "PAD35", "B", 909.37, -3580, 0],
		[87, "PAD36", "T", 830.63, -3580, 0],
		[88, "PAD36", "B", 830.63, -3580, 0],
		[89, "PAD37", "T", 730, -980.59, 0],
		[90, "PAD37", "B", 730, -980.59, 0],
		[91, "PAD38", "T", 730, -901.85, 0],
		[92, "PAD38", "B", 730, -901.85, 0],
		[93, "PAD39", "T", 730, -823.11, 0],
		[94, "PAD39", "B", 730, -823.11, 0],
		[95, "PAD40", "T", 730, -744.37, 0],
		[96, "PAD40", "B", 730, -744.37, 0],
		[97, "PAD41", "T", 730, -665.63, 0],
		[98, "PAD41", "B", 730, -665.63, 0],
		[99, "PAD42", "T", 730, -508.15, 0],
		[100, "PAD42", "B", 730, -508.15, 0],
		[101, "PAD43", "T", 730, -429.41, 0],
		[102, "PAD43", "B", 730, -429.41, 0],
		[103, "PAD44", "T", 202.05, -1345, 0],
		[104, "PAD44", "B", 202.05, -1345, 0],
		[105, "PAD45", "T", 457.95, -1345, 0],
		[106, "PAD45", "B", 457.95, -1345, 0],
		[107, "PAD46", "T", 2162.56, -2295, 0],
		[108, "PAD47", "T", 2107.44, -2295, 0],
		[109, "PAD48", "T", 502.56, -895, 0],
		[110, "PAD49", "T", 447.44, -895, 0],
		[111, "PAD50", "T", 2864.21, -3605, 0],
		[112, "PAD50", "B", 2864.21, -3605, 0],
		[113, "PAD51", "T", 2765.79, -3605, 0],
		[114, "PAD51", "B", 2765.79, -3605, 0],
		[115, "PAD52", "T", 2856.77, -300, 0],
		[116, "PAD52", "B", 2856.77, -300, 0],
		[117, "PAD53", "T", 2805.59, -300, 0],
		[118, "PAD53", "B", 2805.59, -300, 0],
		[119, "PAD54", "T", 2754.41, -300, 0],
		[120, "PAD54", "B", 2754.41, -300, 0],
		[121, "PAD55", "T", 2703.23, -300, 0],
		[122, "PAD55", "B", 2703.23, -300, 0],
		[123, "PAD56", "T", 2462.87, -2435, 0],
		[124, "PAD57", "T", 2462.87, -2385, 0],
		[125, "PAD58", "T", 2462.87, -2335, 0],
		[126, "PAD59", "T", 2462.87, -2285, 0],
		[127, "PAD60", "T", 2247.13, -2435, 0],
		[128, "PAD61", "T", 2247.13, -2385, 0],
		[129, "PAD62", "T", 2247.13, -2335, 0],
		[130, "PAD63", "T", 2247.13, -2285, 0],
		[131, "PAD64", "T", 2960.28, -2950, 0],
		[132, "PAD64", "B", 2960.28, -2950, 0],
		[133, "PAD65", "T", 2861.86, -2950, 0],
		[134, "PAD65", "B", 2861.86, -2950, 0],
		[135, "PAD66", "T", 1126.34, -3795, 0],
		[136, "PAD67", "T", 1126.34, -3695, 0],
		[137, "PAD68", "T", 1126.34, -3595, 0],
		[138, "PAD69", "T", 1126.34, -3495, 0],
		[139, "PAD70", "T", 1126.34, -3395, 0],
		[140, "PAD71", "T", 1126.34, -3295, 0],
		[141, "PAD72", "T", 1126.34, -3195, 0],
		[142, "PAD73", "T", 1126.34, -3095, 0],
		[143, "PAD74", "T", 1126.34, -2995, 0],
		[144, "PAD75", "T", 1126.34, -2895, 0],
		[145, "PAD76", "T", 1126.34, -2795, 0],
		[146, "PAD77", "T", 1126.34, -2695, 0],
		[147, "PAD78", "T", 1126.34, -2595, 0],
		[148, "PAD79", "T", 1126.34, -2495, 0],
		[149, "PAD80", "T", 1126.34, -2395, 0],
		[150, "PAD81", "T", 1126.34, -2295, 0],
		[151, "PAD82", "T", 1126.34, -2195, 0],
		[152, "PAD83", "T", 1835, -2195, 0],
		[153, "PAD84", "T", 1835, -2295, 0],
		[154, "PAD85", "T", 1835, -2395, 0],
		[155, "PAD86", "T", 1835, -2495, 0],
		[156, "PAD87", "T", 1835, -2595, 0],
		[157, "PAD88", "T", 1835, -2695, 0],
		[158, "PAD89", "T", 1835, -2795, 0],
		[159, "PAD90", "T", 1835, -2895, 0],
		[160, "PAD91", "T", 1835, -2995, 0],
		[161, "PAD92", "T", 1835, -3095, 0],
		[162, "PAD93", "T", 1835, -3195, 0],
		[163, "PAD94", "T", 1835, -3295, 0],
		[164, "PAD95", "T", 1835, -3395, 0],
		[165, "PAD96", "T", 1835, -3495, 0],
		[166, "PAD97", "T", 1835, -3595, 0],
		[167, "PAD98", "T", 1835, -3695, 0],
		[168, "PAD99", "T", 1835, -3795, 0],
		[169, "PAD100", "T", 2905, -3323.42, 0],
		[170, "PAD101", "T", 2905, -3225, 0]
	]
},
"pins": {
	"fields": ["PIN_NO", "PIN_NAME", "PIN_X", "PIN_Y", "LAYER", "PIN_TYPE", "NET_NAME", "NET_TYPE", "PAD_SHAPE", "PAD_SIZEX", "PAD_SIZEY", "HOLE_SIZE", "HOLE_LEN", "PAD_ANGLE"],
	"rows": [
		[1, "BUZ_1", 202.05, -1345, "T", "DIP", "BUZZER", "", "R", 69.685, 69.685, 31.496, 31.496, 0],
		[2, "BUZ_1", 202.05, -1345, "B", "DIP", "BUZZER", "", "R", 69.685, 69.685, 31.496, 31.496, 0],
		[3, "BUZ_2", 457.95, -1345, "T", "DIP", "GND_L", "", "C", 69.685, 69.685, 31.496, 31.496, 0],
		[4, "BUZ_2", 457.95, -1345, "B", "DIP", "GND_L", "", "C", 69.685, 69.685, 31.496, 31.496, 0],
		[5, "C1_1", 400.63, -465, "T", "SMD", "3V3", "", "R", 55.512, 53.15, 0, 0, 0],
		[6, "C1_2", 479.37, -465, "T", "SMD", "GND_L", "", "R", 55.512, 53.15, 0, 0, 0],
		[7, "C2_1", 2107.44, -2295, "T", "SMD", "GND_L", "", "R", 31.496, 35.433, 0, 0, 0],
		[8, "C2_2", 2162.56, -2295, "T", "SMD", "3V3", "", "R", 31.496, 35.433, 0, 0, 0],
		[9, "C3_1", 447.44, -895, "T", "SMD", "3V3", "", "R", 31.496, 35.433, 0, 0, 0],
		[10, "C3_2", 502.56, -895, "T", "SMD", "GND_L", "", "R", 31.496, 35.433, 0, 0, 0],
		[11, "C4_1", 2765.79, -3605, "T", "DIP", "RST", "", "C", 68.898, 68.898, 43.308, 43.308, 0],
		[12, "C4_1", 2765.79, -3605, "B", "DIP", "RST", "", "C", 68.898, 68.898, 43.308, 43.308, 0],
		[13, "C4_2", 2864.21, -3605, "T", "DIP", "GND_L", "", "C", 68.898, 68.898, 43.308, 43.308, 0],
		[14, "C4_2", 2864.21, -3605, "B", "DIP", "GND_L", "", "C", 68.898, 68.898, 43.308, 43.308, 0],
		[15, "JST_2_1", 830.63, -3580, "T", "DIP", "GND_L", "", "R", 59.055, 59.055, 35.434, 35.434, 0],
		[16, "JST_2_1", 830.63, -3580, "B", "DIP", "GND_L", "", "R", 59.055, 59.055, 35.434, 35.434, 0],
		[17, "JST_2_2", 909.37, -3580, "T", "DIP", "VBAT", "", "C", 59.055, 59.055, 35.434, 35.434, 0],
		[18, "JST_2_2", 909.37, -3580, "B", "DIP", "VBAT", "", "C", 59.055, 59.055, 35.434, 35.434, 0],
		[19, "LED_RGB_1", 2856.77, -300, "T", "DIP", "LED_RGB_1", "", "O", 39.37, 39.37, 27.56, 27.56, 0],
		[20, "LED_RGB_1", 2856.77, -300, "B", "DIP", "LED_RGB_1", "", "O", 39.37, 39.37, 27.56, 27.56, 0],
		[21, "LED_RGB_2", 2805.59, -300, "T", "DIP", "LED_RGB_2", "", "O", 39.37, 39.37, 27.56, 27.56, 0],
		[22, "LED_RGB_2", 2805.59, -300, "B", "DIP", "LED_RGB_2", "", "O", 39.37, 39.37, 27.56, 27.56, 0],
		[23, "LED_RGB_3", 2754.41, -300, "T", "DIP", "LED_RGB_3", "", "O", 39.37, 39.37, 27.56, 27.56, 0],
		[24, "LED_RGB_3", 2754.41, -300, "B", "DIP", "LED_RGB_3", "", "O", 39.37, 39.37, 27.56, 27.56, 0],
		[25, "LED_RGB_4", 2703.23, -300, "T", "DIP", "LED_RGB_4", "", "O", 39.37, 39.37, 27.56, 27.56, 0],
		[26, "LED_RGB_4", 2703.23, -300, "B", "DIP", "LED_RGB_4", "", "O", 39.37, 39.37, 27.56, 27.56, 0],
		[27, "LS7183N-S_1", 2247.13, -2285, "T", "SMD", "NET_1", "", "O", 23.622, 59.843, 0, 0, 90],
		[28, "LS7183N-S_2", 2247.13, -2335, "T", "SMD", "3V3", "", "O", 23.622, 59.843, 0, 0, 90],
		[29, "LS7183N-S_3", 2247.13, -2385, "T", "SMD", "GND_L", "", "O", 23.622, 59.843, 0, 0, 90],
		[30, "LS7183N-S_4", 2247.13, -2435, "T", "SMD", "ENC_A", "", "O", 23.622, 59.843, 0, 0, 90],
		[31, "LS7183N-S_5", 2462.87, -2435, "T", "SMD", "ENC_B", "", "O", 23.622, 59.843, 0, 0, 90],
		[32, "LS7183N-S_6", 2462.87, -2385, "T", "SMD", "3V3", "", "O", 23.622, 59.843, 0, 0, 90],
		[33, "LS7183N-S_7", 2462.87, -2335, "T", "SMD", "DOWN", "", "O", 23.622, 59.843, 0, 0, 90],
		[34, "LS7183N-S_8", 2462.87, -2285, "T", "SMD", "UP", "", "O", 23.622, 59.843, 0, 0, 90],
		[35, "R1_1", 2642.24, -520, "T", "DIP", "LED_RGB_1", "", "C", 51.181, 51.181, 31.496, 31.496, 0],
		[36, "R1_1", 2642.24, -520, "B", "DIP", "LED_RGB_1", "", "C", 51.181, 51.181, 31.496, 31.496, 0],
		[37, "R1_2", 3047.76, -520, "T", "DIP", "LED_RED", "", "C", 51.181, 51.181, 31.496, 31.496, 0],
		[38, "R1_2", 3047.76, -520, "B", "DIP", "LED_RED", "", "C", 51.181, 51.181, 31.496, 31.496, 0],
		[39, "R3_1", 2572.24, -695, "T", "DIP", "LED_RGB_3", "", "C", 51.181, 51.181, 31.496, 31.496, 0],
		[40, "R3_1", 2572.24, -695, "B", "DIP", "LED_RGB_3", "", "C", 51.181, 51.181, 31.496, 31.496, 0],
		[41, "R3_2", 2977.76, -695, "T", "DIP", "LED_GREEN", "", "C", 51.181, 51.181, 31.496, 31.496, 0],
		[42, "R3_2", 2977.76, -695, "B", "DIP", "LED_GREEN", "", "C", 51.181, 51.181, 31.496, 31.496, 0],
		[43, "R4_1", 2960.28, -2950, "T", "DIP", "GND_L", "", "C", 59.055, 59.055, 35.434, 35.434, 0],
		[44, "R4_1", 2960.28, -2950, "B", "DIP", "GND_L", "", "C", 59.055, 59.055, 35.434, 35.434, 0],
		[45, "R4_2", 2861.86, -2950, "T", "DIP", "NET_1", "", "C", 59.055, 59.055, 35.434, 35.434, 0],
		[46, "R4_2", 2861.86, -2950, "B", "DIP", "NET_1", "", "C", 59.055, 59.055, 35.434, 35.434, 0],
		[47, "R5_1", 750.34, -3335, "T", "SMD", "S3_10", "", "R", 31.751, 34.016, 0, 0, 0],
		[48, "R5_2", 809.66, -3335, "T", "SMD", "IO21", "", "R", 31.751, 34.016, 0, 0, 0],
		[49, "R7_1", 2477.24, -900, "T", "DIP", "LED_RGB_4", "", "C", 51.181, 51.181, 31.496, 31.496, 0],
		[50, "R7_1", 2477.24, -900, "B", "DIP", "LED_RGB_4", "", "C", 51.181, 51.181, 31.496, 31.496, 0],
		[51, "R7_2", 2882.76, -900, "T", "DIP", "LED_BLUE", "", "C", 51.181, 51.181, 31.496, 31.496, 0],
		[52, "R7_2", 2882.76, -900, "B", "DIP", "LED_BLUE", "", "C", 51.181, 51.181, 31.496, 31.496, 0],
		[53, "S3_1", 1126.34, -3795, "T", "SMD", "VBAT", "", "R", 78.74, 59.055, 0, 0, 180],
		[54, "S3_2", 1126.34, -3695, "T", "SMD", "GND_L", "", "R", 78.74, 59.055, 0, 0, 180],
		[55, "S3_3", 1126.34, -3595, "T", "SMD", "S3_5V", "", "R", 78.74, 59.055, 0, 0, 180],
		[56, "S3_4", 1126.34, -3495, "T", "SMD", "3V3", "", "R", 78.74, 59.055, 0, 0, 180],
		[57, "S3_5", 1126.34, -3395, "T", "SMD", "JOY_X", "", "R", 78.74, 59.055, 0, 0, 180],
		[58, "S3_6", 1126.34, -3295, "T", "SMD", "JOY_Y", "", "R", 78.74, 59.055, 0, 0, 180],
		[59, "S3_7", 1126.34, -3195, "T", "SMD", "JOY_SW", "", "R", 78.74, 59.055, 0, 0, 180],
		[60, "S3_8", 1126.34, -3095, "T", "SMD", "IO4", "", "R", 78.74, 59.055, 0, 0, 180],
		[61, "S3_9", 1126.34, -2995, "T", "SMD", "IO5", "", "R", 78.74, 59.055, 0, 0, 180],
		[62, "S3_10", 1126.34, -2895, "T", "SMD", "S3_10", "", "R", 78.74, 59.055, 0, 0, 180],
		[63, "S3_11", 1126.34, -2795, "T", "SMD", "S3_11", "", "R", 78.74, 59.055, 0, 0, 180],
		[64, "S3_12", 1126.34, -2695, "T", "SMD", "S3_12", "", "R", 78.74, 59.055, 0, 0, 180],
		[65, "S3_13", 1126.34, -2595, "T", "SMD", "BUZZER", "", "R", 78.74, 59.055, 0, 0, 180],
		[66, "S3_14", 1126.34, -2495, "T", "SMD", "DOWN", "", "R", 78.74, 59.055, 0, 0, 180],
		[67, "S3_15", 1126.34, -2395, "T", "SMD", "ENC_SW", "", "R", 78.74, 59.055, 0, 0, 180],
		[68, "S3_16", 1126.34, -2295, "T", "SMD", "OLED_MOSI", "", "R", 78.74, 59.055, 0, 0, 180],
		[69, "S3_17", 1126.34, -2195, "T", "SMD", "OLED_SCK", "", "R", 78.74, 59.055, 0, 0, 180],
		[70, "S3_18", 1835, -2195, "T", "SMD", "S3_18", "", "R", 78.74, 59.055, 0, 0, 0],
		[71, "S3_19", 1835, -2295, "T", "SMD", "S3_19", "", "R", 78.74, 59.055, 0, 0, 0],
		[72, "S3_20", 1835, -2395, "T", "SMD", "LED_BLUE", "", "R", 78.74, 59.055, 0, 0, 0],
		[73, "S3_21", 1835, -2495, "T", "SMD", "LED_GREEN", "", "R", 78.74, 59.055, 0, 0, 0],
		[74, "S3_22", 1835, -2595, "T", "SMD", "LED_RED", "", "R", 78.74, 59.055, 0, 0, 0],
		[75, "S3_23", 1835, -2695, "T", "SMD", "S3_23", "", "R", 78.74, 59.055, 0, 0, 0],
		[76, "S3_24", 1835, -2795, "T", "SMD", "S3_24", "", "R", 78.74, 59.055, 0, 0, 0],
		[77, "S3_25", 1835, -2895, "T", "SMD", "GND_L", "", "R", 78.74, 59.055, 0, 0, 0],
		[78, "S3_26", 1835, -2995, "T", "SMD", "RST", "", "R", 78.74, 59.055, 0, 0, 0],
		[79, "S3_27", 1835, -3095, "T", "SMD", "S3_27", "", "R", 78.74, 59.055, 0, 0, 0],
		[80, "S3_28", 1835, -3195, "T", "SMD", "SCL", "", "R", 78.74, 59.055, 0, 0, 0],
		[81, "S3_29", 1835, -3295, "T", "SMD", "SDA", "", "R", 78.74, 59.055, 0, 0, 0],
		[82, "S3_30", 1835, -3395, "T", "SMD", "S3_30", "", "R", 78.74, 59.055, 0, 0, 0],
		[83, "S3_31", 1835, -3495, "T", "SMD", "OLED_CS", "", "R", 78.74, 59.055, 0, 0, 0],
		[84, "S3_32", 1835, -3595, "T", "SMD", "OLED_DC", "", "R", 78.74, 59.055, 0, 0, 0],
		[85, "S3_33", 1835, -3695, "T", "SMD", "S3_33", "", "R", 78.74, 59.055, 0, 0, 0],
		[86, "S3_34", 1835, -3795, "T", "SMD", "OLED_RES", "", "R", 78.74, 59.055, 0, 0, 0],
		[87, "SW1_1", 2905, -3323.42, "T", "SMD", "GND_L", "", "R", 47.244, 86.614, 0, 0, 90],
		[88, "SW1_2", 2905, -3225, "T", "SMD", "RST", "", "R", 47.244, 86.614, 0, 0, 90],
		[89, "SW1_3", 2905, -3126.58, "T", "SMD", "NET_2", "", "R", 47.244, 86.614, 0, 0, 90],
		[90, "U1_1", 210, -2510, "T", "DIP", "S3_5V", "", "C", 78.74, 78.74, 51.182, 51.182, 0],
		[91, "U1_1", 210, -2510, "B", "DIP", "S3_5V", "", "C", 78.74, 78.74, 51.182, 51.182, 0],
		[92, "U1_2", 310, -2510, "T", "DIP", "3V3", "", "C", 78.74, 78.74, 51.182, 51.182, 0],
		[93, "U1_2", 310, -2510, "B", "DIP", "3V3", "", "C", 78.74, 78.74, 51.182, 51.182, 0],
		[94, "U1_3", 410, -2510, "T", "DIP", "GND_L", "", "C", 78.74, 78.74, 51.182, 51.182, 0],
		[95, "U1_3", 410, -2510, "B", "DIP", "GND_L", "", "C", 78.74, 78.74, 51.182, 51.182, 0],
		[96, "U1_4", 510, -2510, "T", "DIP", "JOY_Y", "", "C", 78.74, 78.74, 51.182, 51.182, 0],
		[97, "U1_4", 510, -2510, "B", "DIP", "JOY_Y", "", "C", 78.74, 78.74, 51.182, 51.182, 0],
		[98, "U1_5", 610, -2510, "T", "DIP", "JOY_X", "", "C", 78.74, 78.74, 51.182, 51.182, 0],
		[99, "U1_5", 610, -2510, "B", "DIP", "JOY_X", "", "C", 78.74, 78.74, 51.182, 51.182, 0],
		[100, "U1_6", 710, -2510, "T", "DIP", "JOY_SW", "", "C", 78.74, 78.74, 51.182, 51.182, 0],
		[101, "U1_6", 710, -2510, "B", "DIP", "JOY_SW", "", "C", 78.74, 78.74, 51.182, 51.182, 0],
		[102, "U2_1", 105, -3560, "T", "DIP", "S3_5V", "", "C", 78.74, 78.74, 51.182, 51.182, 0],
		[103, "U2_1", 105, -3560, "B", "DIP", "S3_5V", "", "C", 78.74, 78.74, 51.182, 51.182, 0],
		[104, "U2_2", 205, -3560, "T", "DIP", "3V3", "", "C", 78.74, 78.74, 51.182, 51.182, 0],
		[105, "U2_2", 205, -3560, "B", "DIP", "3V3", "", "C", 78.74, 78.74, 51.182, 51.182, 0],
		[106, "U2_3", 305, -3560, "T", "DIP", "GND_L", "", "C", 78.74, 78.74, 51.182, 51.182, 0],
		[107, "U2_3", 305, -3560, "B", "DIP", "GND_L", "", "C", 78.74, 78.74, 51.182, 51.182, 0],
		[108, "U2_4", 405, -3560, "T", "DIP", "IO5", "", "C", 78.74, 78.74, 51.182, 51.182, 0],
		[109, "U2_4", 405, -3560, "B", "DIP", "IO5", "", "C", 78.74, 78.74, 51.182, 51.182, 0],
		[110, "U2_5", 505, -3560, "T", "DIP", "IO21", "", "C", 78.74, 78.74, 51.182, 51.182, 0],
		[111, "U2_5", 505, -3560, "B", "DIP", "IO21", "", "C", 78.74, 78.74, 51.182, 51.182, 0],
		[112, "U2_6", 605, -3560, "T", "DIP", "GND_L", "", "C", 78.74, 78.74, 51.182, 51.182, 0],
		[113, "U2_6", 605, -3560, "B", "DIP", "GND_L", "", "C", 78.74, 78.74, 51.182, 51.182, 0],
		[114, "U3_1", 2120, -2695, "T", "DIP", "S3_5V", "", "C", 78.74, 78.74, 51.182, 51.182, 0],
		[115, "U3_1", 2120, -2695, "B", "DIP", "S3_5V", "", "C", 78.74, 78.74, 51.182, 51.182, 0],
		[116, "U3_2", 2220, -2695, "T", "DIP", "3V3", "", "C", 78.74, 78.74, 51.182, 51.182, 0],
		[117, "U3_2", 2220, -2695, "B", "DIP", "3V3", "", "C", 78.74, 78.74, 51.182, 51.182, 0],
		[118, "U3_3", 2320, -2695, "T", "DIP", "GND_L", "", "C", 78.74, 78.74, 51.182, 51.182, 0],
		[119, "U3_3", 2320, -2695, "B", "DIP", "GND_L", "", "C", 78.74, 78.74, 51.182, 51.182, 0],
		[120, "U3_4", 2420, -2695, "T", "DIP", "ENC_A", "", "C", 78.74, 78.74, 51.182, 51.182, 0],
		[121, "U3_4", 2420, -2695, "B", "DIP", "ENC_A", "", "C", 78.74, 78.74, 51.182, 51.182, 0],
		[122, "U3_5", 2520, -2695, "T", "DIP", "ENC_B", "", "C", 78.74, 78.74, 51.182, 51.182, 0],
		[123, "U3_5", 2520, -2695, "B", "DIP", "ENC_B", "", "C", 78.74, 78.74, 51.182, 51.182, 0],
		[124, "U3_6", 2620, -2695, "T", "DIP", "ENC_SW", "", "C", 78.74, 78.74, 51.182, 51.182, 0],
		[125, "U3_6", 2620, -2695, "B", "DIP", "ENC_SW", "", "C", 78.74, 78.74, 51.182, 51.182, 0],
		[126, "U4_1", 2075, -3585, "T", "DIP", "S3_5V", "", "C", 78.74, 78.74, 51.182, 51.182, 0],
		[127, "U4_1", 2075, -3585, "B", "DIP", "S3_5V", "", "C", 78.74, 78.74, 51.182, 51.182, 0],
		[128, "U4_2", 2175, -3585, "T", "DIP", "3V3", "", "C", 78.74, 78.74, 51.182, 51.182, 0],
		[129, "U4_2", 2175, -3585, "B", "DIP", "3V3", "", "C", 78.74, 78.74, 51.182, 51.182, 0],
		[130, "U4_3", 2275, -3585, "T", "DIP", "GND_L", "", "C", 78.74, 78.74, 51.182, 51.182, 0],
		[131, "U4_3", 2275, -3585, "B", "DIP", "GND_L", "", "C", 78.74, 78.74, 51.182, 51.182, 0],
		[132, "U4_4", 2375, -3585, "T", "DIP", "IO4", "", "C", 78.74, 78.74, 51.182, 51.182, 0],
		[133, "U4_4", 2375, -3585, "B", "DIP", "IO4", "", "C", 78.74, 78.74, 51.182, 51.182, 0],
		[134, "U4_5", 2475, -3585, "T", "DIP", "U2_4", "", "C", 78.74, 78.74, 51.182, 51.182, 0],
		[135, "U4_5", 2475, -3585, "B", "DIP", "U2_4", "", "C", 78.74, 78.74, 51.182, 51.182, 0],
		[136, "U4_6", 2575, -3585, "T", "DIP", "GND_L", "", "C", 78.74, 78.74, 51.182, 51.182, 0],
		[137, "U4_6", 2575, -3585, "B", "DIP", "GND_L", "", "C", 78.74, 78.74, 51.182, 51.182, 0],
		[138, "U5_1", 730, -429.41, "T", "DIP", "3V3", "", "R", 59.055, 59.055, 31.496, 31.496, 90],
		[139, "U5_1", 730, -429.41, "B", "DIP", "3V3", "", "R", 59.055, 59.055, 31.496, 31.496, 90],
		[140, "U5_2", 730, -508.15, "T", "DIP", "GND_L", "", "C", 59.055, 59.055, 31.496, 31.496, 90],
		[141, "U5_2", 730, -508.15, "B", "DIP", "GND_L", "", "C", 59.055, 59.055, 31.496, 31.496, 90],
		[142, "U5_3", 730, -586.89, "T", "DIP", "NET_3", "", "C", 59.055, 59.055, 31.496, 31.496, 90],
		[143, "U5_3", 730, -586.89, "B", "DIP", "NET_3", "", "C", 59.055, 59.055, 31.496, 31.496, 90],
		[144, "U5_4", 730, -665.63, "T", "DIP", "OLED_MOSI", "", "C", 59.055, 59.055, 31.496, 31.496, 90],
		[145, "U5_4", 730, -665.63, "B", "DIP", "OLED_MOSI", "", "C", 59.055, 59.055, 31.496, 31.496, 90],
		[146, "U5_5", 730, -744.37, "T", "DIP", "OLED_SCK", "", "C", 59.055, 59.055, 31.496, 31.496, 90],
		[147, "U5_5", 730, -744.37, "B", "DIP", "OLED_SCK", "", "C", 59.055, 59.055, 31.496, 31.496, 90],
		[148, "U5_6", 730, -823.11, "T", "DIP", "OLED_CS", "", "C", 59.055, 59.055, 31.496, 31.496, 90],
		[149, "U5_6", 730, -823.11, "B", "DIP", "OLED_CS", "", "C", 59.055, 59.055, 31.496, 31.496, 90],
		[150, "U5_7", 730, -901.85, "T", "DIP", "OLED_DC", "", "C", 59.055, 59.055, 31.496, 31.496, 90],
		[151, "U5_7", 730, -901.85, "B", "DIP", "OLED_DC", "", "C", 59.055, 59.055, 31.496, 31.496, 90],
		[152, "U5_8", 730, -980.59, "T", "DIP", "OLED_RES", "", "C", 59.055, 59.055, 31.496, 31.496, 90],
		[153, "U5_8", 730, -980.59, "B", "DIP", "OLED_RES", "", "C", 59.055, 59.055, 31.496, 31.496, 90],
		[154, "PAD1_2", 479.37, -465, "T", "SMD", "GND_L", "", "R", 55.512, 53.15, 0, 0, 0],
		[155, "PAD2_1", 400.63, -465, "T", "SMD", "3V3", "", "R", 55.512, 53.15, 0, 0, 0],
		[156, "PAD3_1", 2642.24, -520, "T", "DIP", "LED_RGB_1", "", "C", 51.181, 51.181, 31.496, 31.496, 0],
		[157, "PAD3_1", 2642.24, -520, "B", "DIP", "LED_RGB_1", "", "C", 51.181, 51.181, 31.496, 31.496, 0],
		[158, "PAD4_2", 3047.76, -520, "T", "DIP", "LED_RED", "", "C", 51.181, 51.181, 31.496, 31.496, 0],
		[159, "PAD4_2", 3047.76, -520, "B", "DIP", "LED_RED", "", "C", 51.181, 51.181, 31.496, 31.496, 0],
		[160, "PAD5_1", 2572.24, -695, "T", "DIP", "LED_RGB_3", "", "C", 51.181, 51.181, 31.496, 31.496, 0],
		[161, "PAD5_1", 2572.24, -695, "B", "DIP", "LED_RGB_3", "", "C", 51.181, 51.181, 31.496, 31.496, 0],
		[162, "PAD6_2", 2977.76, -695, "T", "DIP", "LED_GREEN", "", "C", 51.181, 51.181, 31.496, 31.496, 0],
		[163, "PAD6_2", 2977.76, -695, "B", "DIP", "LED_GREEN", "", "C", 51.181, 51.181, 31.496, 31.496, 0],
		[164, "PAD7_1", 2477.24, -900, "T", "DIP", "LED_RGB_4", "", "C", 51.181, 51.181, 31.496, 31.496, 0],
		[165, "PAD7_1", 2477.24, -900, "B", "DIP", "LED_RGB_4", "", "C", 51.181, 51.181, 31.496, 31.496, 0],
		[166, "PAD8_2", 2882.76, -900, "T", "DIP", "LED_BLUE", "", "C", 51.181, 51.181, 31.496, 31.496, 0],
		[167, "PAD8_2", 2882.76, -900, "B", "DIP", "LED_BLUE", "", "C", 51.181, 51.181, 31.496, 31.496, 0],
		[168, "PAD9_2", 809.66, -3335, "T", "SMD", "IO21", "", "R", 31.751, 34.016, 0, 0, 0],
		[169, "PAD10_1", 750.34, -3335, "T", "SMD", "S3_10", "", "R", 31.751, 34.016, 0, 0, 0],
		[170, "PAD11_1", 210, -2510, "T", "DIP", "S3_5V", "", "C", 78.74, 78.74, 51.182, 51.182, 0],
		[171, "PAD11_1", 210, -2510, "B", "DIP", "S3_5V", "", "C", 78.74, 78.74, 51.182, 51.182, 0],
		[172, "PAD12_2", 310, -2510, "T", "DIP", "3V3", "", "C", 78.74, 78.74, 51.182, 51.182, 0],
		[173, "PAD12_2", 310, -2510, "B", "DIP", "3V3", "", "C", 78.74, 78.74, 51.182, 51.182, 0],
		[174, "PAD13_3", 410, -2510, "T", "DIP", "GND_L", "", "C", 78.74, 78.74, 51.182, 51.182, 0],
		[175, "PAD13_3", 410, -2510, "B", "DIP", "GND_L", "", "C", 78.74, 78.74, 51.182, 51.182, 0],
		[176, "PAD14_4", 510, -2510, "T", "DIP", "JOY_Y", "", "C", 78.74, 78.74, 51.182, 51.182, 0],
		[177, "PAD14_4", 510, -2510, "B", "DIP", "JOY_Y", "", "C", 78.74, 78.74, 51.182, 51.182, 0],
		[178, "PAD15_5", 610, -2510, "T", "DIP", "JOY_X", "", "C", 78.74, 78.74, 51.182, 51.182, 0],
		[179, "PAD15_5", 610, -2510, "B", "DIP", "JOY_X", "", "C", 78.74, 78.74, 51.182, 51.182, 0],
		[180, "PAD16_6", 710, -2510, "T", "DIP", "JOY_SW", "", "C", 78.74, 78.74, 51.182, 51.182, 0],
		[181, "PAD16_6", 710, -2510, "B", "DIP", "JOY_SW", "", "C", 78.74, 78.74, 51.182, 51.182, 0],
		[182, "PAD17_1", 105, -3560, "T", "DIP", "S3_5V", "", "C", 78.74, 78.74, 51.182, 51.182, 0],
		[183, "PAD17_1", 105, -3560, "B", "DIP", "S3_5V", "", "C", 78.74, 78.74, 51.182, 51.182, 0],
		[184, "PAD18_2", 205, -3560, "T", "DIP", "3V3", "", "C", 78.74, 78.74, 51.182, 51.182, 0],
		[185, "PAD18_2", 205, -3560, "B", "DIP", "3V3", "", "C", 78.74, 78.74, 51.182, 51.182, 0],
		[186, "PAD19_3", 305, -3560, "T", "DIP", "GND_L", "", "C", 78.74, 78.74, 51.182, 51.182, 0],
		[187, "PAD19_3", 305, -3560, "B", "DIP", "GND_L", "", "C", 78.74, 78.74, 51.182, 51.182, 0],
		[188, "PAD20_4", 405, -3560, "T", "DIP", "IO5", "", "C", 78.74, 78.74, 51.182, 51.182, 0],
		[189, "PAD20_4", 405, -3560, "B", "DIP", "IO5", "", "C", 78.74, 78.74, 51.182, 51.182, 0],
		[190, "PAD21_5", 505, -3560, "T", "DIP", "IO21", "", "C", 78.74, 78.74, 51.182, 51.182, 0],
		[191, "PAD21_5", 505, -3560, "B", "DIP", "IO21", "", "C", 78.74, 78.74, 51.182, 51.182, 0],
		[192, "PAD22_6", 605, -3560, "T", "DIP", "GND_L", "", "C", 78.74, 78.74, 51.182, 51.182, 0],
		[193, "PAD22_6", 605, -3560, "B", "DIP", "GND_L", "", "C", 78.74, 78.74, 51.182, 51.182, 0],
		[194, "PAD23_1", 2120, -2695, "T", "DIP", "S3_5V", "", "C", 78.74, 78.74, 51.182, 51.182, 0],
		[195, "PAD23_1", 2120, -2695, "B", "DIP", "S3_5V", "", "C", 78.74, 78.74, 51.182, 51.182, 0],
		[196, "PAD24_2", 2220, -2695, "T", "DIP", "3V3", "", "C", 78.74, 78.74, 51.182, 51.182, 0],
		[197, "PAD24_2", 2220, -2695, "B", "DIP", "3V3", "", "C", 78.74, 78.74, 51.182, 51.182, 0],
		[198, "PAD25_3", 2320, -2695, "T", "DIP", "GND_L", "", "C", 78.74, 78.74, 51.182, 51.182, 0],
		[199, "PAD25_3", 2320, -2695, "B", "DIP", "GND_L", "", "C", 78.74, 78.74, 51.182, 51.182, 0],
		[200, "PAD26_4", 2420, -2695, "T", "DIP", "ENC_A", "", "C", 78.74, 78.74, 51.182, 51.182, 0],
		[201, "PAD26_4", 2420, -2695, "B", "DIP", "ENC_A", "", "C", 78.74, 78.74, 51.182, 51.182, 0],
		[202, "PAD27_5", 2520, -2695, "T", "DIP", "ENC_B", "", "C", 78.74, 78.74, 51.182, 51.182, 0],
		[203, "PAD27_5", 2520, -2695, "B", "DIP", "ENC_B", "", "C", 78.74, 78.74, 51.182, 51.182, 0],
		[204, "PAD28_6", 2620, -2695, "T", "DIP", "ENC_SW", "", "C", 78.74, 78.74, 51.182, 51.182, 0],
		[205, "PAD28_6", 2620, -2695, "B", "DIP", "ENC_SW", "", "C", 78.74, 78.74, 51.182, 51.182, 0],
		[206, "PAD29_1", 2075, -3585, "T", "DIP", "S3_5V", "", "C", 78.74, 78.74, 51.182, 51.182, 0],
		[207, "PAD29_1", 2075, -3585, "B", "DIP", "S3_5V", "", "C", 78.74, 78.74, 51.182, 51.182, 0],
		[208, "PAD30_2", 2175, -3585, "T", "DIP", "3V3", "", "C", 78.74, 78.74, 51.182, 51.182, 0],
		[209, "PAD30_2", 2175, -3585, "B", "DIP", "3V3", "", "C", 78.74, 78.74, 51.182, 51.182, 0],
		[210, "PAD31_3", 2275, -3585, "T", "DIP", "GND_L", "", "C", 78.74, 78.74, 51.182, 51.182, 0],
		[211, "PAD31_3", 2275, -3585, "B", "DIP", "GND_L", "", "C", 78.74, 78.74, 51.182, 51.182, 0],
		[212, "PAD32_4", 2375, -3585, "T", "DIP", "IO4", "", "C", 78.74, 78.74, 51.182, 51.182, 0],
		[213, "PAD32_4", 2375, -3585, "B", "DIP", "IO4", "", "C", 78.74, 78.74, 51.182, 51.182, 0],
		[214, "PAD33_5", 2475, -3585, "T", "DIP", "U2_4", "", "C", 78.74, 78.74, 51.182, 51.182, 0],
		[215, "PAD33_5", 2475, -3585, "B", "DIP", "U2_4", "", "C", 78.74, 78.74, 51.182, 51.182, 0],
		[216, "PAD34_6", 2575, -3585, "T", "DIP", "GND_L", "", "C", 78.74, 78.74, 51.182, 51.182, 0],
		[217, "PAD34_6", 2575, -3585, "B", "DIP", "GND_L", "", "C", 78.74, 78.74, 51.182, 51.182, 0],
		[218, "PAD35_2", 909.37, -3580, "T", "DIP", "VBAT", "", "C", 59.055, 59.055, 35.434, 35.434, 0],
		[219, "PAD35_2", 909.37, -3580, "B", "DIP", "VBAT", "", "C", 59.055, 59.055, 35.434, 35.434, 0],
		[220, "PAD36_1", 830.63, -3580, "T", "DIP", "GND_L", "", "R", 59.055, 59.055, 35.434, 35.434, 0],
		[221, "PAD36_1", 830.63, -3580, "B", "DIP", "GND_L", "", "R", 59.055, 59.055, 35.434, 35.434, 0],
		[222, "PAD37_8", 730, -980.59, "T", "DIP", "OLED_RES", "", "C", 59.055, 59.055, 31.496, 31.496, 90],
		[223, "PAD37_8", 730, -980.59, "B", "DIP", "OLED_RES", "", "C", 59.055, 59.055, 31.496, 31.496, 90],
		[224, "PAD38_7", 730, -901.85, "T", "DIP", "OLED_DC", "", "C", 59.055, 59.055, 31.496, 31.496, 90],
		[225, "PAD38_7", 730, -901.85, "B", "DIP", "OLED_DC", "", "C", 59.055, 59.055, 31.496, 31.496, 90],
		[226, "PAD39_6", 730, -823.11, "T", "DIP", "OLED_CS", "", "C", 59.055, 59.055, 31.496, 31.496, 90],
		[227, "PAD39_6", 730, -823.11, "B", "DIP", "OLED_CS", "", "C", 59.055, 59.055, 31.496, 31.496, 90],
		[228, "PAD40_5", 730, -744.37, "T", "DIP", "OLED_SCK", "", "C", 59.055, 59.055, 31.496, 31.496, 90],
		[229, "PAD40_5", 730, -744.37, "B", "DIP", "OLED_SCK", "", "C", 59.055, 59.055, 31.496, 31.496, 90],
		[230, "PAD41_4", 730, -665.63, "T", "DIP", "OLED_MOSI", "", "C", 59.055, 59.055, 31.496, 31.496, 90],
		[231, "PAD41_4", 730, -665.63, "B", "DIP", "OLED_MOSI", "", "C", 59.055, 59.055, 31.496, 31.496, 90],
		[232, "PAD42_2", 730, -508.15, "T", "DIP", "GND_L", "", "C", 59.055, 59.055, 31.496, 31.496, 90],
		[233, "PAD42_2", 730, -508.15, "B", "DIP", "GND_L", "", "C", 59.055, 59.055, 31.496, 31.496, 90],
		[234, "PAD43_1", 730, -429.41, "T", "DIP", "3V3", "", "R", 59.055, 59.055, 31.496, 31.496, 90],
		[235, "PAD43_1", 730, -429.41, "B", "DIP", "3V3", "", "R", 59.055, 59.055, 31.496, 31.496, 90],
		[236, "PAD44_1", 202.05, -1345, "T", "DIP", "BUZZER", "", "R", 69.685, 69.685, 31.496, 31.496, 0],
		[237, "PAD44_1", 202.05, -1345, "B", "DIP", "BUZZER", "", "R", 69.685, 69.685, 31.496, 31.496, 0],
		[238, "PAD45_2", 457.95, -1345, "T", "DIP", "GND_L", "", "C", 69.685, 69.685, 31.496, 31.496, 0],
		[239, "PAD45_2", 457.95, -1345, "B", "DIP", "GND_L", "", "C", 69.685, 69.685, 31.496, 31.496, 0],
		[240, "PAD46_2", 2162.56, -2295, "T", "SMD", "3V3", "", "R", 31.496, 35.433, 0, 0, 0],
		[241, "PAD47_1", 2107.44, -2295, "T", "SMD", "GND_L", "", "R", 31.496, 35.433, 0, 0, 0],
		[242, "PAD48_2", 502.56, -895, "T", "SMD", "GND_L", "", "R", 31.496, 35.433, 0, 0, 0],
		[243, "PAD49_1", 447.44, -895, "T", "SMD", "3V3", "", "R", 31.496, 35.433, 0, 0, 0],
		[244, "PAD50_2", 2864.21, -3605, "T", "DIP", "GND_L", "", "C", 68.898, 68.898, 43.308, 43.308, 0],
		[245, "PAD50_2", 2864.21, -3605, "B", "DIP", "GND_L", "", "C", 68.898, 68.898, 43.308, 43.308, 0],
		[246, "PAD51_1", 2765.79, -3605, "T", "DIP", "RST", "", "C", 68.898, 68.898, 43.308, 43.308, 0],
		[247, "PAD51_1", 2765.79, -3605, "B", "DIP", "RST", "", "C", 68.898, 68.898, 43.308, 43.308, 0],
		[248, "PAD52_1", 2856.77, -300, "T", "DIP", "LED_RGB_1", "", "O", 39.37, 39.37, 27.56, 27.56, 0],
		[249, "PAD52_1", 2856.77, -300, "B", "DIP", "LED_RGB_1", "", "O", 39.37, 39.37, 27.56, 27.56, 0],
		[250, "PAD53_2", 2805.59, -300, "T", "DIP", "LED_RGB_2", "", "O", 39.37, 39.37, 27.56, 27.56, 0],
		[251, "PAD53_2", 2805.59, -300, "B", "DIP", "LED_RGB_2", "", "O", 39.37, 39.37, 27.56, 27.56, 0],
		[252, "PAD54_3", 2754.41, -300, "T", "DIP", "LED_RGB_3", "", "O", 39.37, 39.37, 27.56, 27.56, 0],
		[253, "PAD54_3", 2754.41, -300, "B", "DIP", "LED_RGB_3", "", "O", 39.37, 39.37, 27.56, 27.56, 0],
		[254, "PAD55_4", 2703.23, -300, "T", "DIP", "LED_RGB_4", "", "O", 39.37, 39.37, 27.56, 27.56, 0],
		[255, "PAD55_4", 2703.23, -300, "B", "DIP", "LED_RGB_4", "", "O", 39.37, 39.37, 27.56, 27.56, 0],
		[256, "PAD56_5", 2462.87, -2435, "T", "SMD", "ENC_B", "", "O", 23.622, 59.843, 0, 0, 90],
		[257, "PAD57_6", 2462.87, -2385, "T", "SMD", "3V3", "", "O", 23.622, 59.843, 0, 0, 90],
		[258, "PAD58_7", 2462.87, -2335, "T", "SMD", "DOWN", "", "O", 23.622, 59.843, 0, 0, 90],
		[259, "PAD59_8", 2462.87, -2285, "T", "SMD", "UP", "", "O", 23.622, 59.843, 0, 0, 90],
		[260, "PAD60_4", 2247.13, -2435, "T", "SMD", "ENC_A", "", "O", 23.622, 59.843, 0, 0, 90],
		[261, "PAD61_3", 2247.13, -2385, "T", "SMD", "GND_L", "", "O", 23.622, 59.843, 0, 0, 90],
		[262, "PAD62_2", 2247.13, -2335, "T", "SMD", "3V3", "", "O", 23.622, 59.843, 0, 0, 90],
		[263, "PAD63_1", 2247.13, -2285, "T", "SMD", "NET_1", "", "O", 23.622, 59.843, 0, 0, 90],
		[264, "PAD64_1", 2960.28, -2950, "T", "DIP", "GND_L", "", "C", 59.055, 59.055, 35.434, 35.434, 0],
		[265, "PAD64_1", 2960.28, -2950, "B", "DIP", "GND_L", "", "C", 59.055, 59.055, 35.434, 35.434, 0],
		[266, "PAD65_2", 2861.86, -2950, "T", "DIP", "NET_1", "", "C", 59.055, 59.055, 35.434, 35.434, 0],
		[267, "PAD65_2", 2861.86, -2950, "B", "DIP", "NET_1", "", "C", 59.055, 59.055, 35.434, 35.434, 0],
		[268, "PAD66_1", 1126.34, -3795, "T", "SMD", "VBAT", "", "R", 78.74, 59.055, 0, 0, 180],
		[269, "PAD67_2", 1126.34, -3695, "T", "SMD", "GND_L", "", "R", 78.74, 59.055, 0, 0, 180],
		[270, "PAD68_3", 1126.34, -3595, "T", "SMD", "S3_5V", "", "R", 78.74, 59.055, 0, 0, 180],
		[271, "PAD69_4", 1126.34, -3495, "T", "SMD", "3V3", "", "R", 78.74, 59.055, 0, 0, 180],
		[272, "PAD70_5", 1126.34, -3395, "T", "SMD", "JOY_X", "", "R", 78.74, 59.055, 0, 0, 180],
		[273, "PAD71_6", 1126.34, -3295, "T", "SMD", "JOY_Y", "", "R", 78.74, 59.055, 0, 0, 180],
		[274, "PAD72_7", 1126.34, -3195, "T", "SMD", "JOY_SW", "", "R", 78.74, 59.055, 0, 0, 180],
		[275, "PAD73_8", 1126.34, -3095, "T", "SMD", "IO4", "", "R", 78.74, 59.055, 0, 0, 180],
		[276, "PAD74_9", 1126.34, -2995, "T", "SMD", "IO5", "", "R", 78.74, 59.055, 0, 0, 180],
		[277, "PAD75_10", 1126.34, -2895, "T", "SMD", "S3_10", "", "R", 78.74, 59.055, 0, 0, 180],
		[278, "PAD76_11", 1126.34, -2795, "T", "SMD", "S3_11", "", "R", 78.74, 59.055, 0, 0, 180],
		[279, "PAD77_12", 1126.34, -2695, "T", "SMD", "S3_12", "", "R", 78.74, 59.055, 0, 0, 180],
		[280, "PAD78_13", 1126.34, -2595, "T", "SMD", "BUZZER", "", "R", 78.74, 59.055, 0, 0, 180],
		[281, "PAD79_14", 1126.34, -2495, "T", "SMD", "DOWN", "", "R", 78.74, 59.055, 0, 0, 180],
		[282, "PAD80_15", 1126.34, -2395, "T", "SMD", "ENC_SW", "", "R", 78.74, 59.055, 0, 0, 180],
		[283, "PAD81_16", 1126.34, -2295, "T", "SMD", "OLED_MOSI", "", "R", 78.74, 59.055, 0, 0, 180],
		[284, "PAD82_17", 1126.34, -2195, "T", "SMD", "OLED_SCK", "", "R", 78.74, 59.055, 0, 0, 180],
		[285, "PAD83_18", 1835, -2195, "T", "SMD", "S3_18", "", "R", 78.74, 59.055, 0, 0, 0],
		[286, "PAD84_19", 1835, -2295, "T", "SMD", "S3_19", "", "R", 78.74, 59.055, 0, 0, 0],
		[287, "PAD85_20", 1835, -2395, "T", "SMD", "LED_BLUE", "", "R", 78.74, 59.055, 0, 0, 0],
		[288, "PAD86_21", 1835, -2495, "T", "SMD", "LED_GREEN", "", "R", 78.74, 59.055, 0, 0, 0],
		[289, "PAD87_22", 1835, -2595, "T", "SMD", "LED_RED", "", "R", 78.74, 59.055, 0, 0, 0],
		[290, "PAD88_23", 1835, -2695, "T", "SMD", "S3_23", "", "R", 78.74, 59.055, 0, 0, 0],
		[291, "PAD89_24", 1835, -2795, "T", "SMD", "S3_24", "", "R", 78.74, 59.055, 0, 0, 0],
		[292, "PAD90_25", 1835, -2895, "T", "SMD", "GND_L", "", "R", 78.74, 59.055, 0, 0, 0],
		[293, "PAD91_26", 1835, -2995, "T", "SMD", "RST", "", "R", 78.74, 59.055, 0, 0, 0],
		[294, "PAD92_27", 1835, -3095, "T", "SMD", "S3_27", "", "R", 78.74, 59.055, 0, 0, 0],
		[295, "PAD93_28", 1835, -3195, "T", "SMD", "SCL", "", "R", 78.74, 59.055, 0, 0, 0],
		[296, "PAD94_29", 1835, -3295, "T", "SMD", "SDA", "", "R", 78.74, 59.055, 0, 0, 0],
		[297, "PAD95_30", 1835, -3395, "T", "SMD", "S3_30", "", "R", 78.74, 59.055, 0, 0, 0],
		[298, "PAD96_31", 1835, -3495, "T", "SMD", "OLED_CS", "", "R", 78.74, 59.055, 0, 0, 0],
		[299, "PAD97_32", 1835, -3595, "T", "SMD", "OLED_DC", "", "R", 78.74, 59.055, 0, 0, 0],
		[300, "PAD98_33", 1835, -3695, "T", "SMD", "S3_33", "", "R", 78.74, 59.055, 0, 0, 0],
		[301, "PAD99_34", 1835, -3795, "T", "SMD", "OLED_RES", "", "R", 78.74, 59.055, 0, 0, 0],
		[302, "PAD100_1", 2905, -3323.42, "T", "SMD", "GND_L", "", "R", 47.244, 86.614, 0, 0, 90],
		[303, "PAD101_2", 2905, -3225, "T", "SMD", "RST", "", "R", 47.244, 86.614, 0, 0, 90]
	]
}
}